[
    {
      "countryShortName":"",
      "countryCode":"",
      "countryFullName":"",
      "countryCodeBr":""
   },
   {
      "countryShortName":"AU",
      "countryCode":"61",
      "countryFullName":"Australia",
      "countryCodeBr":"(+61)"
   },
   {
      "countryShortName":"DZ",
      "countryCode":"213",
      "countryFullName":"Algeria",
      "countryCodeBr":"(+213)"
   },
   
   {
      "countryShortName":"AD",
      "countryCode":"376",
      "countryFullName":"Andorra",
      "countryCodeBr":"(+376)"
   },
   {
      "countryShortName":"AO",
      "countryCode":"244",
      "countryFullName":"Angola",
      "countryCodeBr":"(+244)"
   },
   {
      "countryShortName":"AI",
      "countryCode":"1264",
      "countryFullName":"Anguilla",
      "countryCodeBr":"(+1264)"
   },
   {
      "countryShortName":"AG",
      "countryCode":"1268",
      "countryFullName":"Antigua &amp; Barbuda",
      "countryCodeBr":"(+1268)"
   },
   {
      "countryShortName":"AR",
      "countryCode":"54",
      "countryFullName":"Argentina",
      "countryCodeBr":"(+54)"
   },
   {
      "countryShortName":"AM",
      "countryCode":"374",
      "countryFullName":"Armenia",
      "countryCodeBr":"(+374)"
   },
   {
      "countryShortName":"AW",
      "countryCode":"297",
      "countryFullName":"Aruba",
      "countryCodeBr":"(+297)"
   },
   {
      "countryShortName":"AT",
      "countryCode":"43",
      "countryFullName":"Austria",
      "countryCodeBr":"(+43)"
   },
   {
      "countryShortName":"AZ",
      "countryCode":"994",
      "countryFullName":"Azerbaijan",
      "countryCodeBr":"(+994)"
   },
   {
      "countryShortName":"BS",
      "countryCode":"1242",
      "countryFullName":"Bahamas",
      "countryCodeBr":"(+1242)"
   },
   {
      "countryShortName":"BH",
      "countryCode":"973",
      "countryFullName":"Bahrain",
      "countryCodeBr":"(+973)"
   },
   {
      "countryShortName":"BD",
      "countryCode":"880",
      "countryFullName":"Bangladesh",
      "countryCodeBr":"(+880)"
   },
   {
      "countryShortName":"BB",
      "countryCode":"1246",
      "countryFullName":"Barbados",
      "countryCodeBr":"(+1246)"
   },
   {
      "countryShortName":"BY",
      "countryCode":"375",
      "countryFullName":"Belarus",
      "countryCodeBr":"(+375)"
   },
   {
      "countryShortName":"BE",
      "countryCode":"32",
      "countryFullName":"Belgium",
      "countryCodeBr":"(+32)"
   },
   {
      "countryShortName":"BZ",
      "countryCode":"501",
      "countryFullName":"Belize",
      "countryCodeBr":"(+501)"
   },
   {
      "countryShortName":"BJ",
      "countryCode":"229",
      "countryFullName":"Benin",
      "countryCodeBr":"(+229)"
   },
   {
      "countryShortName":"BM",
      "countryCode":"1441",
      "countryFullName":"Bermuda",
      "countryCodeBr":"(+1441)"
   },
   {
      "countryShortName":"BT",
      "countryCode":"975",
      "countryFullName":"Bhutan",
      "countryCodeBr":"(+975)"
   },
   {
      "countryShortName":"BO",
      "countryCode":"591",
      "countryFullName":"Bolivia",
      "countryCodeBr":"(+591)"
   },
   {
      "countryShortName":"BA",
      "countryCode":"387",
      "countryFullName":"Bosnia Herzegovina",
      "countryCodeBr":"(+387)"
   },
   {
      "countryShortName":"BW",
      "countryCode":"267",
      "countryFullName":"Botswana",
      "countryCodeBr":"(+267)"
   },
   {
      "countryShortName":"BR",
      "countryCode":"55",
      "countryFullName":"Brazil",
      "countryCodeBr":"(+55)"
   },
   {
      "countryShortName":"BN",
      "countryCode":"673",
      "countryFullName":"Brunei",
      "countryCodeBr":"(+673)"
   },
   {
      "countryShortName":"BG",
      "countryCode":"359",
      "countryFullName":"Bulgaria",
      "countryCodeBr":"(+359)"
   },
   {
      "countryShortName":"BF",
      "countryCode":"226",
      "countryFullName":"Burkina Faso",
      "countryCodeBr":"(+226)"
   },
   {
      "countryShortName":"BI",
      "countryCode":"257",
      "countryFullName":"Burundi",
      "countryCodeBr":"(+257)"
   },
   {
      "countryShortName":"KH",
      "countryCode":"855",
      "countryFullName":"Cambodia",
      "countryCodeBr":"(+855)"
   },
   {
      "countryShortName":"CM",
      "countryCode":"237",
      "countryFullName":"Cameroon",
      "countryCodeBr":"(+237)"
   },
   {
      "countryShortName":"CA",
      "countryCode":"1",
      "countryFullName":"Canada",
      "countryCodeBr":"(+1)"
   },
   {
      "countryShortName":"CV",
      "countryCode":"238",
      "countryFullName":"Cape Verde Islands",
      "countryCodeBr":"(+238)"
   },
   {
      "countryShortName":"KY",
      "countryCode":"1345",
      "countryFullName":"Cayman Islands",
      "countryCodeBr":"(+1345)"
   },
   {
      "countryShortName":"CF",
      "countryCode":"236",
      "countryFullName":"Central African Republic",
      "countryCodeBr":"(+236)"
   },
   {
      "countryShortName":"CL",
      "countryCode":"56",
      "countryFullName":"Chile",
      "countryCodeBr":"(+56)"
   },
   {
      "countryShortName":"CN",
      "countryCode":"86",
      "countryFullName":"China",
      "countryCodeBr":"(+86)"
   },
   {
      "countryShortName":"CO",
      "countryCode":"57",
      "countryFullName":"Colombia",
      "countryCodeBr":"(+57)"
   },
   {
      "countryShortName":"KM",
      "countryCode":"269",
      "countryFullName":"Comoros",
      "countryCodeBr":"(+269)"
   },
   {
      "countryShortName":"CG",
      "countryCode":"242",
      "countryFullName":"Congo",
      "countryCodeBr":"(+242)"
   },
   {
      "countryShortName":"CK",
      "countryCode":"682",
      "countryFullName":"Cook Islands",
      "countryCodeBr":"(+682)"
   },
   {
      "countryShortName":"CR",
      "countryCode":"506",
      "countryFullName":"Costa Rica",
      "countryCodeBr":"(+506)"
   },
   {
      "countryShortName":"HR",
      "countryCode":"385",
      "countryFullName":"Croatia",
      "countryCodeBr":"(+385)"
   },
   {
      "countryShortName":"CU",
      "countryCode":"53",
      "countryFullName":"Cuba",
      "countryCodeBr":"(+53)"
   },
   {
      "countryShortName":"CY",
      "countryCode":"90392",
      "countryFullName":"Cyprus North",
      "countryCodeBr":"(+90392)"
   },
   {
      "countryShortName":"CY",
      "countryCode":"357",
      "countryFullName":"Cyprus South",
      "countryCodeBr":"(+357)"
   },
   {
      "countryShortName":"CZ",
      "countryCode":"42",
      "countryFullName":"Czech Republic",
      "countryCodeBr":"(+42)"
   },
   {
      "countryShortName":"DK",
      "countryCode":"45",
      "countryFullName":"Denmark",
      "countryCodeBr":"(+45)"
   },
   {
      "countryShortName":"DJ",
      "countryCode":"253",
      "countryFullName":"Djibouti",
      "countryCodeBr":"(+253)"
   },
   {
      "countryShortName":"DM",
      "countryCode":"1809",
      "countryFullName":"Dominica",
      "countryCodeBr":"(+1809)"
   },
   {
      "countryShortName":"DO",
      "countryCode":"1809",
      "countryFullName":"Dominican Republic",
      "countryCodeBr":"(+1809)"
   },
   {
      "countryShortName":"EC",
      "countryCode":"593",
      "countryFullName":"Ecuador",
      "countryCodeBr":"(+593)"
   },
   {
      "countryShortName":"EG",
      "countryCode":"20",
      "countryFullName":"Egypt",
      "countryCodeBr":"(+20)"
   },
   {
      "countryShortName":"SV",
      "countryCode":"503",
      "countryFullName":"El Salvador",
      "countryCodeBr":"(+503)"
   },
   {
      "countryShortName":"GQ",
      "countryCode":"240",
      "countryFullName":"Equatorial Guinea",
      "countryCodeBr":"(+240)"
   },
   {
      "countryShortName":"ER",
      "countryCode":"291",
      "countryFullName":"Eritrea",
      "countryCodeBr":"(+291)"
   },
   {
      "countryShortName":"EE",
      "countryCode":"372",
      "countryFullName":"Estonia",
      "countryCodeBr":"(+372)"
   },
   {
      "countryShortName":"ET",
      "countryCode":"251",
      "countryFullName":"Ethiopia",
      "countryCodeBr":"(+251)"
   },
   {
      "countryShortName":"FK",
      "countryCode":"500",
      "countryFullName":"Falkland Islands",
      "countryCodeBr":"(+500)"
   },
   {
      "countryShortName":"FO",
      "countryCode":"298",
      "countryFullName":"Faroe Islands",
      "countryCodeBr":"(+298)"
   },
   {
      "countryShortName":"FJ",
      "countryCode":"679",
      "countryFullName":"Fiji",
      "countryCodeBr":"(+679)"
   },
   {
      "countryShortName":"FI",
      "countryCode":"358",
      "countryFullName":"Finland",
      "countryCodeBr":"(+358)"
   },
   {
      "countryShortName":"FR",
      "countryCode":"33",
      "countryFullName":"France",
      "countryCodeBr":"(+33)"
   },
   {
      "countryShortName":"GF",
      "countryCode":"594",
      "countryFullName":"French Guiana",
      "countryCodeBr":"(+594)"
   },
   {
      "countryShortName":"PF",
      "countryCode":"689",
      "countryFullName":"French Polynesia",
      "countryCodeBr":"(+689)"
   },
   {
      "countryShortName":"GA",
      "countryCode":"241",
      "countryFullName":"Gabon",
      "countryCodeBr":"(+241)"
   },
   {
      "countryShortName":"GM",
      "countryCode":"220",
      "countryFullName":"Gambia",
      "countryCodeBr":"(+220)"
   },
   {
      "countryShortName":"GE",
      "countryCode":"7880",
      "countryFullName":"Georgia",
      "countryCodeBr":"(+7880)"
   },
   {
      "countryShortName":"DE",
      "countryCode":"49",
      "countryFullName":"Germany",
      "countryCodeBr":"(+49)"
   },
   {
      "countryShortName":"GH",
      "countryCode":"233",
      "countryFullName":"Ghana",
      "countryCodeBr":"(+233)"
   },
   {
      "countryShortName":"GI",
      "countryCode":"350",
      "countryFullName":"Gibraltar",
      "countryCodeBr":"(+350)"
   },
   {
      "countryShortName":"GR",
      "countryCode":"30",
      "countryFullName":"Greece",
      "countryCodeBr":"(+30)"
   },
   {
      "countryShortName":"GL",
      "countryCode":"299",
      "countryFullName":"Greenland",
      "countryCodeBr":"(+299)"
   },
   {
      "countryShortName":"GD",
      "countryCode":"1473",
      "countryFullName":"Grenada",
      "countryCodeBr":"(+1473)"
   },
   {
      "countryShortName":"GP",
      "countryCode":"590",
      "countryFullName":"Guadeloupe",
      "countryCodeBr":"(+590)"
   },
   {
      "countryShortName":"GU",
      "countryCode":"671",
      "countryFullName":"Guam",
      "countryCodeBr":"(+671)"
   },
   {
      "countryShortName":"GT",
      "countryCode":"502",
      "countryFullName":"Guatemala",
      "countryCodeBr":"(+502)"
   },
   {
      "countryShortName":"GN",
      "countryCode":"224",
      "countryFullName":"Guinea",
      "countryCodeBr":"(+224)"
   },
   {
      "countryShortName":"GW",
      "countryCode":"245",
      "countryFullName":"Guinea - Bissau",
      "countryCodeBr":"(+245)"
   },
   {
      "countryShortName":"GY",
      "countryCode":"592",
      "countryFullName":"Guyana",
      "countryCodeBr":"(+592)"
   },
   {
      "countryShortName":"HT",
      "countryCode":"509",
      "countryFullName":"Haiti",
      "countryCodeBr":"(+509)"
   },
   {
      "countryShortName":"HN",
      "countryCode":"504",
      "countryFullName":"Honduras",
      "countryCodeBr":"(+504)"
   },
   {
      "countryShortName":"HK",
      "countryCode":"852",
      "countryFullName":"Hong Kong",
      "countryCodeBr":"(+852)"
   },
   {
      "countryShortName":"HU",
      "countryCode":"36",
      "countryFullName":"Hungary",
      "countryCodeBr":"(+36)"
   },
   {
      "countryShortName":"IS",
      "countryCode":"354",
      "countryFullName":"Iceland",
      "countryCodeBr":"(+354)"
   },
   {
      "countryShortName":"IN",
      "countryCode":"91",
      "countryFullName":"India",
      "countryCodeBr":"(+91)"
   },
   {
      "countryShortName":"ID",
      "countryCode":"62",
      "countryFullName":"Indonesia",
      "countryCodeBr":"(+62)"
   },
   {
      "countryShortName":"IR",
      "countryCode":"98",
      "countryFullName":"Iran",
      "countryCodeBr":"(+98)"
   },
   {
      "countryShortName":"IQ",
      "countryCode":"964",
      "countryFullName":"Iraq",
      "countryCodeBr":"(+964)"
   },
   {
      "countryShortName":"IE",
      "countryCode":"353",
      "countryFullName":"Ireland",
      "countryCodeBr":"(+353)"
   },
   {
      "countryShortName":"IL",
      "countryCode":"972",
      "countryFullName":"Israel",
      "countryCodeBr":"(+972)"
   },
   {
      "countryShortName":"IT",
      "countryCode":"39",
      "countryFullName":"Italy",
      "countryCodeBr":"(+39)"
   },
   {
      "countryShortName":"JM",
      "countryCode":"1876",
      "countryFullName":"Jamaica",
      "countryCodeBr":"(+1876)"
   },
   {
      "countryShortName":"JP",
      "countryCode":"81",
      "countryFullName":"Japan",
      "countryCodeBr":"(+81)"
   },
   {
      "countryShortName":"JO",
      "countryCode":"962",
      "countryFullName":"Jordan",
      "countryCodeBr":"(+962)"
   },
   {
      "countryShortName":"KZ",
      "countryCode":"7",
      "countryFullName":"Kazakhstan",
      "countryCodeBr":"(+7)"
   },
   {
      "countryShortName":"KE",
      "countryCode":"254",
      "countryFullName":"Kenya",
      "countryCodeBr":"(+254)"
   },
   {
      "countryShortName":"KI",
      "countryCode":"686",
      "countryFullName":"Kiribati",
      "countryCodeBr":"(+686)"
   },
   {
      "countryShortName":"KP",
      "countryCode":"850",
      "countryFullName":"Korea North",
      "countryCodeBr":"(+850)"
   },
   {
      "countryShortName":"KR",
      "countryCode":"82",
      "countryFullName":"Korea South",
      "countryCodeBr":"(+82)"
   },
   {
      "countryShortName":"KW",
      "countryCode":"965",
      "countryFullName":"Kuwait",
      "countryCodeBr":"(+965)"
   },
   {
      "countryShortName":"KG",
      "countryCode":"996",
      "countryFullName":"Kyrgyzstan",
      "countryCodeBr":"(+996)"
   },
   {
      "countryShortName":"LA",
      "countryCode":"856",
      "countryFullName":"Laos",
      "countryCodeBr":"(+856)"
   },
   {
      "countryShortName":"LV",
      "countryCode":"371",
      "countryFullName":"Latvia",
      "countryCodeBr":"(+371)"
   },
   {
      "countryShortName":"LB",
      "countryCode":"961",
      "countryFullName":"Lebanon",
      "countryCodeBr":"(+961)"
   },
   {
      "countryShortName":"LS",
      "countryCode":"266",
      "countryFullName":"Lesotho",
      "countryCodeBr":"(+266)"
   },
   {
      "countryShortName":"LR",
      "countryCode":"231",
      "countryFullName":"Liberia",
      "countryCodeBr":"(+231)"
   },
   {
      "countryShortName":"LY",
      "countryCode":"218",
      "countryFullName":"Libya",
      "countryCodeBr":"(+218)"
   },
   {
      "countryShortName":"LI",
      "countryCode":"417",
      "countryFullName":"Liechtenstein",
      "countryCodeBr":"(+417)"
   },
   {
      "countryShortName":"LT",
      "countryCode":"370",
      "countryFullName":"Lithuania",
      "countryCodeBr":"(+370)"
   },
   {
      "countryShortName":"LU",
      "countryCode":"352",
      "countryFullName":"Luxembourg",
      "countryCodeBr":"(+352)"
   },
   {
      "countryShortName":"MO",
      "countryCode":"853",
      "countryFullName":"Macao",
      "countryCodeBr":"(+853)"
   },
   {
      "countryShortName":"MK",
      "countryCode":"389",
      "countryFullName":"Macedonia",
      "countryCodeBr":"(+389)"
   },
   {
      "countryShortName":"MG",
      "countryCode":"261",
      "countryFullName":"Madagascar",
      "countryCodeBr":"(+261)"
   },
   {
      "countryShortName":"MW",
      "countryCode":"265",
      "countryFullName":"Malawi",
      "countryCodeBr":"(+265)"
   },
   {
      "countryShortName":"MY",
      "countryCode":"60",
      "countryFullName":"Malaysia",
      "countryCodeBr":"(+60)"
   },
   {
      "countryShortName":"MV",
      "countryCode":"960",
      "countryFullName":"Maldives",
      "countryCodeBr":"(+960)"
   },
   {
      "countryShortName":"ML",
      "countryCode":"223",
      "countryFullName":"Mali",
      "countryCodeBr":"(+223)"
   },
   {
      "countryShortName":"MT",
      "countryCode":"356",
      "countryFullName":"Malta",
      "countryCodeBr":"(+356)"
   },
   {
      "countryShortName":"MH",
      "countryCode":"692",
      "countryFullName":"Marshall Islands",
      "countryCodeBr":"(+692)"
   },
   {
      "countryShortName":"MQ",
      "countryCode":"596",
      "countryFullName":"Martinique",
      "countryCodeBr":"(+596)"
   },
   {
      "countryShortName":"MR",
      "countryCode":"222",
      "countryFullName":"Mauritania",
      "countryCodeBr":"(+222)"
   },
   {
      "countryShortName":"YT",
      "countryCode":"269",
      "countryFullName":"Mayotte",
      "countryCodeBr":"(+269)"
   },
   {
      "countryShortName":"MX",
      "countryCode":"52",
      "countryFullName":"Mexico",
      "countryCodeBr":"(+52)"
   },
   {
      "countryShortName":"FM",
      "countryCode":"691",
      "countryFullName":"Micronesia",
      "countryCodeBr":"(+691)"
   },
   {
      "countryShortName":"MD",
      "countryCode":"373",
      "countryFullName":"Moldova",
      "countryCodeBr":"(+373)"
   },
   {
      "countryShortName":"MC",
      "countryCode":"377",
      "countryFullName":"Monaco",
      "countryCodeBr":"(+377)"
   },
   {
      "countryShortName":"MN",
      "countryCode":"976",
      "countryFullName":"Mongolia",
      "countryCodeBr":"(+976)"
   },
   {
      "countryShortName":"MS",
      "countryCode":"1664",
      "countryFullName":"Montserrat",
      "countryCodeBr":"(+1664)"
   },
   {
      "countryShortName":"MA",
      "countryCode":"212",
      "countryFullName":"Morocco",
      "countryCodeBr":"(+212)"
   },
   {
      "countryShortName":"MZ",
      "countryCode":"258",
      "countryFullName":"Mozambique",
      "countryCodeBr":"(+258)"
   },
   {
      "countryShortName":"MN",
      "countryCode":"95",
      "countryFullName":"Myanmar",
      "countryCodeBr":"(+95)"
   },
   {
      "countryShortName":"NA",
      "countryCode":"264",
      "countryFullName":"Namibia",
      "countryCodeBr":"(+264)"
   },
   {
      "countryShortName":"NR",
      "countryCode":"674",
      "countryFullName":"Nauru",
      "countryCodeBr":"(+674)"
   },
   {
      "countryShortName":"NP",
      "countryCode":"977",
      "countryFullName":"Nepal",
      "countryCodeBr":"(+977)"
   },
   {
      "countryShortName":"NL",
      "countryCode":"31",
      "countryFullName":"Netherlands",
      "countryCodeBr":"(+31)"
   },
   {
      "countryShortName":"NC",
      "countryCode":"687",
      "countryFullName":"New Caledonia",
      "countryCodeBr":"(+687)"
   },
   {
      "countryShortName":"NZ",
      "countryCode":"64",
      "countryFullName":"New Zealand",
      "countryCodeBr":"(+64)"
   },
   {
      "countryShortName":"NI",
      "countryCode":"505",
      "countryFullName":"Nicaragua",
      "countryCodeBr":"(+505)"
   },
   {
      "countryShortName":"NE",
      "countryCode":"227",
      "countryFullName":"Niger",
      "countryCodeBr":"(+227)"
   },
   {
      "countryShortName":"NG",
      "countryCode":"234",
      "countryFullName":"Nigeria",
      "countryCodeBr":"(+234)"
   },
   {
      "countryShortName":"NU",
      "countryCode":"683",
      "countryFullName":"Niue",
      "countryCodeBr":"(+683)"
   },
   {
      "countryShortName":"NF",
      "countryCode":"672",
      "countryFullName":"Norfolk Islands",
      "countryCodeBr":"(+672)"
   },
   {
      "countryShortName":"NP",
      "countryCode":"670",
      "countryFullName":"Northern Marianas",
      "countryCodeBr":"(+670)"
   },
   {
      "countryShortName":"NO",
      "countryCode":"47",
      "countryFullName":"Norway",
      "countryCodeBr":"(+47)"
   },
   {
      "countryShortName":"OM",
      "countryCode":"968",
      "countryFullName":"Oman",
      "countryCodeBr":"(+968)"
   },
   {
      "countryShortName":"PW",
      "countryCode":"680",
      "countryFullName":"Palau",
      "countryCodeBr":"(+680)"
   },
   {
      "countryShortName":"PA",
      "countryCode":"507",
      "countryFullName":"Panama",
      "countryCodeBr":"(+507)"
   },
   {
      "countryShortName":"PG",
      "countryCode":"675",
      "countryFullName":"Papua New Guinea",
      "countryCodeBr":"(+675)"
   },
   {
      "countryShortName":"PY",
      "countryCode":"595",
      "countryFullName":"Paraguay",
      "countryCodeBr":"(+595)"
   },
   {
      "countryShortName":"PE",
      "countryCode":"51",
      "countryFullName":"Peru",
      "countryCodeBr":"(+51)"
   },
   {
      "countryShortName":"PH",
      "countryCode":"63",
      "countryFullName":"Philippines",
      "countryCodeBr":"(+63)"
   },
   {
      "countryShortName":"PL",
      "countryCode":"48",
      "countryFullName":"Poland",
      "countryCodeBr":"(+48)"
   },
   {
      "countryShortName":"PT",
      "countryCode":"351",
      "countryFullName":"Portugal",
      "countryCodeBr":"(+351)"
   },
   {
      "countryShortName":"PR",
      "countryCode":"1787",
      "countryFullName":"Puerto Rico",
      "countryCodeBr":"(+1787)"
   },
   {
      "countryShortName":"QA",
      "countryCode":"974",
      "countryFullName":"Qatar",
      "countryCodeBr":"(+974)"
   },
   {
      "countryShortName":"RE",
      "countryCode":"262",
      "countryFullName":"Reunion",
      "countryCodeBr":"(+262)"
   },
   {
      "countryShortName":"RO",
      "countryCode":"40",
      "countryFullName":"Romania",
      "countryCodeBr":"(+40)"
   },
   {
      "countryShortName":"RU",
      "countryCode":"7",
      "countryFullName":"Russia",
      "countryCodeBr":"(+7)"
   },
   {
      "countryShortName":"RW",
      "countryCode":"250",
      "countryFullName":"Rwanda",
      "countryCodeBr":"(+250)"
   },
   {
      "countryShortName":"SM",
      "countryCode":"378",
      "countryFullName":"San Marino",
      "countryCodeBr":"(+378)"
   },
   {
      "countryShortName":"ST",
      "countryCode":"239",
      "countryFullName":"Sao Tome &amp; Principe",
      "countryCodeBr":"(+239)"
   },
   {
      "countryShortName":"SA",
      "countryCode":"966",
      "countryFullName":"Saudi Arabia",
      "countryCodeBr":"(+966)"
   },
   {
      "countryShortName":"SN",
      "countryCode":"221",
      "countryFullName":"Senegal",
      "countryCodeBr":"(+221)"
   },
   {
      "countryShortName":"CS",
      "countryCode":"381",
      "countryFullName":"Serbia",
      "countryCodeBr":"(+381)"
   },
   {
      "countryShortName":"SC",
      "countryCode":"248",
      "countryFullName":"Seychelles",
      "countryCodeBr":"(+248)"
   },
   {
      "countryShortName":"SL",
      "countryCode":"232",
      "countryFullName":"Sierra Leone",
      "countryCodeBr":"(+232)"
   },
   {
      "countryShortName":"SG",
      "countryCode":"65",
      "countryFullName":"Singapore",
      "countryCodeBr":"(+65)"
   },
   {
      "countryShortName":"SK",
      "countryCode":"421",
      "countryFullName":"Slovak Republic",
      "countryCodeBr":"(+421)"
   },
   {
      "countryShortName":"SI",
      "countryCode":"386",
      "countryFullName":"Slovenia",
      "countryCodeBr":"(+386)"
   },
   {
      "countryShortName":"SB",
      "countryCode":"677",
      "countryFullName":"Solomon Islands",
      "countryCodeBr":"(+677)"
   },
   {
      "countryShortName":"SO",
      "countryCode":"252",
      "countryFullName":"Somalia",
      "countryCodeBr":"(+252)"
   },
   {
      "countryShortName":"ZA",
      "countryCode":"27",
      "countryFullName":"South Africa",
      "countryCodeBr":"(+27)"
   },
   {
      "countryShortName":"ES",
      "countryCode":"34",
      "countryFullName":"Spain",
      "countryCodeBr":"(+34)"
   },
   {
      "countryShortName":"LK",
      "countryCode":"94",
      "countryFullName":"Sri Lanka",
      "countryCodeBr":"(+94)"
   },
   {
      "countryShortName":"SH",
      "countryCode":"290",
      "countryFullName":"St. Helena",
      "countryCodeBr":"(+290)"
   },
   {
      "countryShortName":"KN",
      "countryCode":"1869",
      "countryFullName":"St. Kitts",
      "countryCodeBr":"(+1869)"
   },
   {
      "countryShortName":"SC",
      "countryCode":"1758",
      "countryFullName":"St. Lucia",
      "countryCodeBr":"(+1758)"
   },
   {
      "countryShortName":"SD",
      "countryCode":"249",
      "countryFullName":"Sudan",
      "countryCodeBr":"(+249)"
   },
   {
      "countryShortName":"SR",
      "countryCode":"597",
      "countryFullName":"Suriname",
      "countryCodeBr":"(+597)"
   },
   {
      "countryShortName":"SZ",
      "countryCode":"268",
      "countryFullName":"Swaziland",
      "countryCodeBr":"(+268)"
   },
   {
      "countryShortName":"SE",
      "countryCode":"46",
      "countryFullName":"Sweden",
      "countryCodeBr":"(+46)"
   },
   {
      "countryShortName":"CH",
      "countryCode":"41",
      "countryFullName":"Switzerland",
      "countryCodeBr":"(+41)"
   },
   {
      "countryShortName":"SI",
      "countryCode":"963",
      "countryFullName":"Syria",
      "countryCodeBr":"(+963)"
   },
   {
      "countryShortName":"TW",
      "countryCode":"886",
      "countryFullName":"Taiwan",
      "countryCodeBr":"(+886)"
   },
   {
      "countryShortName":"TJ",
      "countryCode":"7",
      "countryFullName":"Tajikstan",
      "countryCodeBr":"(+7)"
   },
   {
      "countryShortName":"TH",
      "countryCode":"66",
      "countryFullName":"Thailand",
      "countryCodeBr":"(+66)"
   },
   {
      "countryShortName":"TG",
      "countryCode":"228",
      "countryFullName":"Togo",
      "countryCodeBr":"(+228)"
   },
   {
      "countryShortName":"TO",
      "countryCode":"676",
      "countryFullName":"Tonga",
      "countryCodeBr":"(+676)"
   },
   {
      "countryShortName":"TT",
      "countryCode":"1868",
      "countryFullName":"Trinidad &amp; Tobago",
      "countryCodeBr":"(+1868)"
   },
   {
      "countryShortName":"TN",
      "countryCode":"216",
      "countryFullName":"Tunisia",
      "countryCodeBr":"(+216)"
   },
   {
      "countryShortName":"TR",
      "countryCode":"90",
      "countryFullName":"Turkey",
      "countryCodeBr":"(+90)"
   },
   {
      "countryShortName":"TM",
      "countryCode":"7",
      "countryFullName":"Turkmenistan",
      "countryCodeBr":"(+7)"
   },
   {
      "countryShortName":"TM",
      "countryCode":"993",
      "countryFullName":"Turkmenistan",
      "countryCodeBr":"(+993)"
   },
   {
      "countryShortName":"TC",
      "countryCode":"1649",
      "countryFullName":"Turks &amp; Caicos Islands",
      "countryCodeBr":"(+1649)"
   },
   {
      "countryShortName":"TV",
      "countryCode":"688",
      "countryFullName":"Tuvalu",
      "countryCodeBr":"(+688)"
   },
   {
      "countryShortName":"UG",
      "countryCode":"256",
      "countryFullName":"Uganda",
      "countryCodeBr":"(+256)"
   },
   {
      "countryShortName":"GB",
      "countryCode":"44",
      "countryFullName":"UK",
      "countryCodeBr":"(+44)"
   },
   {
      "countryShortName":"UA",
      "countryCode":"380",
      "countryFullName":"Ukraine",
      "countryCodeBr":"(+380)"
   },
   {
      "countryShortName":"AE",
      "countryCode":"971",
      "countryFullName":"United Arab Emirates",
      "countryCodeBr":"(+971)"
   },
   {
      "countryShortName":"UY",
      "countryCode":"598",
      "countryFullName":"Uruguay",
      "countryCodeBr":"(+598)"
   },
   {
      "countryShortName":"US",
      "countryCode":"1",
      "countryFullName":"USA",
      "countryCodeBr":"(+1)"
   },
   {
      "countryShortName":"UZ",
      "countryCode":"7",
      "countryFullName":"Uzbekistan",
      "countryCodeBr":"(+7)"
   },
   {
      "countryShortName":"VU",
      "countryCode":"678",
      "countryFullName":"Vanuatu",
      "countryCodeBr":"(+678)"
   },
   {
      "countryShortName":"VA",
      "countryCode":"379",
      "countryFullName":"Vatican City",
      "countryCodeBr":"(+379)"
   },
   {
      "countryShortName":"VE",
      "countryCode":"58",
      "countryFullName":"Venezuela",
      "countryCodeBr":"(+58)"
   },
   {
      "countryShortName":"VN",
      "countryCode":"84",
      "countryFullName":"Vietnam",
      "countryCodeBr":"(+84)"
   },
   {
      "countryShortName":"VG",
      "countryCode":"84",
      "countryFullName":"Virgin Islands - British",
      "countryCodeBr":"(+1284)"
   },
   {
      "countryShortName":"VI",
      "countryCode":"84",
      "countryFullName":"Virgin Islands - US",
      "countryCodeBr":"(+1340)"
   },
   {
      "countryShortName":"WF",
      "countryCode":"681",
      "countryFullName":"Wallis &amp; Futuna",
      "countryCodeBr":"(+681)"
   },
   {
      "countryShortName":"YE",
      "countryCode":"969",
      "countryFullName":"Yemen",
      "countryCodeBr":"(North)(+969)"
   },
   {
      "countryShortName":"YE",
      "countryCode":"967",
      "countryFullName":"Yemen",
      "countryCodeBr":"(South)(+967)"
   },
   {
      "countryShortName":"ZM",
      "countryCode":"260",
      "countryFullName":"Zambia",
      "countryCodeBr":"(+260)"
   },
   {
      "countryShortName":"ZW",
      "countryCode":"263",
      "countryFullName":"Zimbabwe",
      "countryCodeBr":"(+263)"
   }
]